{
  "version": "7",
  "dialect": "sqlite",
  "entries": [
    {
      "idx": 0,
      "version": "6",
      "when": 1760098920645,
      "tag": "0000_large_jubilee",
      "breakpoints": true
    },
    {
      "idx": 1,
      "version": "6",
      "when": 1760098997753,
      "tag": "0001_lame_bedlam",
      "breakpoints": true
    },
    {
      "idx": 2,
      "version": "6",
      "when": 1760115684555,
      "tag": "0002_outstanding_the_watchers",
      "breakpoints": true
    },
    {
      "idx": 3,
      "version": "6",
      "when": 1760124616102,
      "tag": "0003_closed_vermin",
      "breakpoints": true
    },
    {
      "idx": 4,
      "version": "6",
      "when": 1760126564915,
      "tag": "0004_cool_wiccan",
      "breakpoints": true
    },
    {
      "idx": 5,
      "version": "6",
      "when": 1760164499614,
      "tag": "0005_steady_skreet",
      "breakpoints": true
    },
    {
      "idx": 6,
      "version": "6",
      "when": 1760169985938,
      "tag": "0006_freezing_shadow_king",
      "breakpoints": true
    },
    {
      "idx": 7,
      "version": "6",
      "when": 1760171910056,
      "tag": "0007_puzzling_scourge",
      "breakpoints": true
    },
    {
      "idx": 8,
      "version": "6",
      "when": 1760177458109,
      "tag": "0008_organic_hiroim",
      "breakpoints": true
    },
    {
      "idx": 9,
      "version": "6",
      "when": 1760178886715,
      "tag": "0009_powerful_lethal_legion",
      "breakpoints": true
    }
  ]
}